{"accuracy": 0.8971570311009349, "precision": 0.9010950940276382, "recall": 0.8971570311009349}