{"accuracy": 0.9213890478916238, "precision": 0.9222484171439564, "recall": 0.9213890478916238}