{"accuracy": 0.9336004579278764, "precision": 0.9338532539914353, "recall": 0.9336004579278764}